{
    "chromHMM_enhancers": {
        "ARID5A": 0.25,
        "ATF3": 0.5,
        "TFCP2L1": 0.0,
        "TWIST2": 0.75
    },
    "H3K27ac": {
        "ARID5A": 0.8,
        "ATF3": 0.1999999999999999,
        "NPAS2": 0.0,
        "TFCP2L1": 0.4,
        "TWIST2": 0.6
    },
    "H3K4me3": {
        "TWIST2": 0.6666666666666667,
        "ARID5A": 0.3333333333333333,
        "ATF3": 0.0
    },
    "chromHMM_promoters": {
        "ARID5A": 0.6666666666666667,
        "ATF3": 0.0,
        "TFCP2L1": 0.3333333333333333
    }
}