{
    "L1:L10": {
        "chromHMM_enhancers": {
            "ARID5A": -0.913443860683391,
            "ATF3": -0.0278763696808623,
            "ESRRG": -0.0663638318835786,
            "GLI2": -0.016787458696761,
            "NPAS2": 0.234697447890228,
            "NR5A2": -0.451269575389619,
            "SOX17": -0.234691673485488,
            "STAT4": 0.296774626423979,
            "TFCP2L1": 0.0,
            "TWIST2": -1.0
        },
        "H3K27ac": {
            "ARID5A": -0.713573829115886,
            "ATF3": -1.0,
            "ESRRG": -0.448298551587775,
            "GLI2": -0.136994823192559,
            "NPAS2": -0.817171668482927,
            "NR5A2": -0.657592811501351,
            "SOX17": -0.825061204392989,
            "STAT4": -0.245763084922031,
            "TFCP2L1": -0.683586616618076,
            "TWIST2": -0.687282554589808
        },
        "chromHMM_promoters": {
            "ARID5A": -1.0,
            "ATF3": -0.549281249925796,
            "ESRRG": 0.65508942465366,
            "GLI2": -0.149481372759293,
            "NPAS2": 0.382309959712003,
            "NR5A2": -0.300761495921498,
            "SOX17": -0.139384255391995,
            "STAT4": -0.225265074423869,
            "TFCP2L1": -0.816265206938448,
            "TWIST2": 0.0
        }
    },
    "L10:p6": {
        "chromHMM_enhancers": {
            "ARID5A": -0.0713109833182882,
            "ATF3": -1.0,
            "ESRRG": 0.339059605321759,
            "GLI2": 0.0,
            "NPAS2": -0.167250481450355,
            "NR5A2": -0.329372297194168,
            "SOX17": 0.303804136553496,
            "STAT4": 0.0,
            "TFCP2L1": 0.0,
            "TWIST2": 0.0
        },
        "H3K27ac": {
            "ARID5A": -1.0,
            "ATF3": -0.777923886051422,
            "ESRRG": -0.443487376581766,
            "GLI2": -0.169049011659348,
            "NPAS2": -0.683311981736669,
            "NR5A2": -0.859503580358144,
            "SOX17": -0.715803807177629,
            "STAT4": -0.803777112482086,
            "TFCP2L1": -0.661805632832343,
            "TWIST2": -0.298402062807245
        },
        "chromHMM_promoters": {
            "ARID5A": -0.657715447211056,
            "ATF3": 0.408300556132495,
            "ESRRG": -0.296276814138447,
            "GLI2": -0.143945831154407,
            "NPAS2": 0.061850377257382,
            "NR5A2": -0.706775401286739,
            "SOX17": -0.157844183726612,
            "STAT4": 0.209242986375307,
            "TFCP2L1": -1.0,
            "TWIST2": 0.0
        }
    },
    "L1:p6": {
        "chromHMM_enhancers": {
            "ARID5A": -1.0,
            "ATF3": -0.914472448883761,
            "ESRRG": -0.400020746730417,
            "GLI2": -0.623167228320676,
            "NPAS2": -0.40901686288497,
            "NR5A2": -0.545254168765053,
            "SOX17": -0.748266918711212,
            "STAT4": -0.0886905623979174,
            "TFCP2L1": -0.987174296246967,
            "TWIST2": -0.374331165089109
        },
        "H3K4me3": {
            "ARID5A": -1.0,
            "ATF3": -0.461272108473181,
            "ESRRG": -0.142326511675438,
            "GLI2": -0.431621785796755,
            "NPAS2": 0.231759660833266,
            "NR5A2": -0.0464019573309678,
            "SOX17": 0.0,
            "STAT4": 0.0,
            "TFCP2L1": 0.0,
            "TWIST2": 0.171330580378119
        },
        "chromHMM_promoters": {
            "ARID5A": -0.47870994754747,
            "ATF3": 0.0,
            "ESRRG": -1.0,
            "GLI2": 0.0,
            "NPAS2": -0.486324221466633,
            "NR5A2": -0.798659161650199,
            "SOX17": 0.0,
            "STAT4": 0.0,
            "TFCP2L1": 0.0,
            "TWIST2": 0.0
        }
    }
}